USE CarWashDB;

INSERT INTO SEDI (ID_Sede, Indirizzo, Citta) VALUES
(1, 'Via Cassanese 15', 'Milano'),
(2, 'Via Tiburtina 1024', 'Roma'),
(3, 'Via Galileo Ferraris 40', 'Napoli'),
(4, 'Viale Guidoni 88', 'Firenze'),
(5, 'Corso Alcide De Gasperi 320', 'Bari');


INSERT INTO IMPIANTI (ID_Impianto, Nome, Tipo, Stato, ID_Sede) VALUES
(1, 'Box Fai-da-te 1', 'BOX_MANUALE', 'ATTIVO', 1), (2, 'Box Fai-da-te 2', 'BOX_MANUALE', 'ATTIVO', 1),
(3, 'Box Fai-da-te 3', 'BOX_MANUALE', 'MANUTENZIONE', 1), (4, 'Tunnel Rapido A', 'TUNNEL', 'ATTIVO', 1),
(5, 'Tunnel Rapido B', 'TUNNEL', 'ATTIVO', 1),
(6, 'Box Fai-da-te 1', 'BOX_MANUALE', 'ATTIVO', 2), (7, 'Box Fai-da-te 2', 'BOX_MANUALE', 'ATTIVO', 2),
(8, 'Box Fai-da-te 3', 'BOX_MANUALE', 'ATTIVO', 2), (9, 'Tunnel Premium A', 'TUNNEL', 'ATTIVO', 2),
(10, 'Tunnel Premium B', 'TUNNEL', 'ATTIVO', 2),
(11, 'Box Fai-da-te 1', 'BOX_MANUALE', 'ATTIVO', 3), (12, 'Box Fai-da-te 2', 'BOX_MANUALE', 'ATTIVO', 3),
(13, 'Box Fai-da-te 3', 'BOX_MANUALE', 'ATTIVO', 3), (14, 'Tunnel Rapido A', 'TUNNEL', 'ATTIVO', 3),
(15, 'Tunnel Rapido B', 'TUNNEL', 'MANUTENZIONE', 3),
(16, 'Box Fai-da-te 1', 'BOX_MANUALE', 'ATTIVO', 4), (17, 'Box Fai-da-te 2', 'BOX_MANUALE', 'ATTIVO', 4),
(18, 'Box Fai-da-te 3', 'BOX_MANUALE', 'ATTIVO', 4), (19, 'Tunnel Veloce A', 'TUNNEL', 'ATTIVO', 4),
(20, 'Tunnel Veloce B', 'TUNNEL', 'ATTIVO', 4),
(21, 'Box Fai-da-te 1', 'BOX_MANUALE', 'ATTIVO', 5), (22, 'Box Fai-da-te 2', 'BOX_MANUALE', 'ATTIVO', 5),
(23, 'Box Fai-da-te 3', 'BOX_MANUALE', 'ATTIVO', 5), (24, 'Tunnel Rapido A', 'TUNNEL', 'ATTIVO', 5),
(25, 'Tunnel Rapido B', 'TUNNEL', 'ATTIVO', 5);

INSERT INTO PROGRAMMI (ID_Programma, Nome, Prezzo, DurataMinuti) VALUES
(1, 'Base Esterno', 8.00, 10),
(2, 'Completo (Est+Int)', 18.00, 25),
(3, 'Premium Cera', 22.00, 30),
(4, 'Igienizzazione Interni', 35.00, 45),
(5, 'Lavaggio Furgoni', 25.00, 20);

INSERT INTO PRODOTTI (ID_Prodotto, Nome, IsVendita, PrezzoVendita, Stock) VALUES
(1, 'Shampoo Base', FALSE, 0.00, 500), (2, 'Cera Liquida', FALSE, 0.00, 300),
(3, 'Sgrassatore Cerchi', FALSE, 0.00, 200), (4, 'Nero Gomme', FALSE, 0.00, 150),
(5, 'Detergente Vetri', FALSE, 0.00, 250), (6, 'Sanificante Ozono', FALSE, 0.00, 50),
(7, 'Prelavaggio Moscerini', FALSE, 0.00, 400), (8, 'Schiuma Attiva', FALSE, 0.00, 600),
(9, 'Detergente Moquette', FALSE, 0.00, 100), (10, 'Lucida Cruscotti', FALSE, 0.00, 180),
(11, 'Cera Solida', FALSE, 0.00, 80), (12, 'Sgrassatore Motore', FALSE, 0.00, 90),
(13, 'Detergente Pelle', FALSE, 0.00, 70), (14, 'Profumo Abitacolo', FALSE, 0.00, 300),
(15, 'Decalcificante', FALSE, 0.00, 120), (16, 'Antigelo Vaschetta', FALSE, 0.00, 200),
(17, 'Polish Rapido', FALSE, 0.00, 110), (18, 'Rimuovi Resina', FALSE, 0.00, 60),
(19, 'Shampoo Camion', FALSE, 0.00, 450), (20, 'Acqua Demineralizzata', FALSE, 0.00, 5000),
(21, 'Arbre Magique Pino', TRUE, 2.50, 100), (22, 'Panno Microfibra', TRUE, 4.00, 200),
(23, 'Spugna Auto', TRUE, 3.00, 150), (24, 'Detergente Vetri Spray', TRUE, 6.50, 80),
(25, 'Lucida Cruscotti Spray', TRUE, 7.00, 60), (26, 'Raschietto Ghiaccio', TRUE, 5.00, 40),
(27, 'Tendine Parasole', TRUE, 10.00, 30), (28, 'Liquido Tergicristalli 2L', TRUE, 4.50, 120),
(29, 'Ricarica Profumo', TRUE, 6.00, 90), (30, 'Set Tappetini', TRUE, 15.00, 25);

INSERT INTO COMPOSIZIONE_PROG (ID_Programma, ID_Prodotto, QtaUtilizzata) VALUES
(1, 1, 0.20), (1, 8, 0.30), (1, 20, 10.00), 
(2, 1, 0.20), (2, 5, 0.10), (2, 10, 0.10), (2, 4, 0.10), 
(3, 1, 0.20), (3, 2, 0.30), (3, 11, 0.10), (3, 17, 0.10),
(4, 9, 0.40), (4, 13, 0.20), (4, 6, 1.00), 
(5, 19, 0.80), (5, 3, 0.50), (5, 12, 0.40);


INSERT INTO CLIENTI (ID_Cliente, Nome, Cognome, Email, Telefono) VALUES
(1, 'Mario', 'Rossi', 'm.rossi@mail.it', '3331234567'), (2, 'Luca', 'Bianchi', 'l.bianchi@mail.it', '3331234568'),
(3, 'Giulia', 'Verdi', 'g.verdi@mail.it', '3331234569'), (4, 'Anna', 'Neri', 'a.neri@mail.it', '3331234570'),
(5, 'Paolo', 'Gialli', 'p.gialli@mail.it', '3331234571'), (6, 'Marco', 'Marrone', 'm.marrone@mail.it', '3331234572'),
(7, 'Elena', 'Viola', 'e.viola@mail.it', '3331234573'), (8, 'Sara', 'Blu', 's.blu@mail.it', '3331234574'),
(9, 'Davide', 'Gallo', 'd.gallo@mail.it', '3331234575'), (10, 'Laura', 'Costa', 'l.costa@mail.it', '3331234576'),
(11, 'Andrea', 'Fontana', 'a.fontana@mail.it', '3331234577'), (12, 'Francesca', 'Rizzo', 'f.rizzo@mail.it', '3331234578'),
(13, 'Matteo', 'Moretti', 'm.moretti@mail.it', '3331234579'), (14, 'Chiara', 'Marino', 'c.marino@mail.it', '3331234580'),
(15, 'Alessandro', 'Barbieri', 'a.barbieri@mail.it', '3331234581'), (16, 'Silvia', 'Lombardi', 's.lombardi@mail.it', '3331234582'),
(17, 'Giovanni', 'Giordano', 'g.giordano@mail.it', '3331234583'), (18, 'Valentina', 'Cassano', 'v.cassano@mail.it', '3331234584'),
(19, 'Roberto', 'Colombo', 'r.colombo@mail.it', '3331234585'), (20, 'Martina', 'Mancini', 'm.mancini@mail.it', '3331234586'),
(21, 'Stefano', 'Longo', 's.longo@mail.it', '3331234587'), (22, 'Elisa', 'Leone', 'e.leone@mail.it', '3331234588'),
(23, 'Antonio', 'Martinelli', 'a.martinelli@mail.it', '3331234589'), (24, 'Federica', 'Marchetti', 'f.marchetti@mail.it', '3331234590'),
(25, 'Nicola', 'Galli', 'n.galli@mail.it', '3331234591'),
(26, 'Luigi', 'Gatti', 'l.gatti@mail.it', '3331234592'), (27, 'Alessia', 'Conte', 'a.conte@mail.it', '3331234593'),
(28, 'Giacomo', 'Ferri', 'g.ferri@mail.it', '3331234594'), (29, 'Simona', 'Fabbri', 's.fabbri@mail.it', '3331234595'),
(30, 'Enrico', 'Bianco', 'e.bianco@mail.it', '3331234596'), (31, 'Irene', 'Marini', 'i.marini@mail.it', '3331234597'),
(32, 'Filippo', 'Grasso', 'f.grasso@mail.it', '3331234598'), (33, 'Camilla', 'Caruso', 'c.caruso@mail.it', '3331234599'),
(34, 'Emanuele', 'Ferrara', 'e.ferrara@mail.it', '3331234600'), (35, 'Beatrice', 'Sanna', 'b.sanna@mail.it', '3331234601'),
(36, 'Riccardo', 'Farina', 'r.farina@mail.it', '3331234602'), (37, 'Giorgia', 'Rizzi', 'g.rizzi@mail.it', '3331234603'),
(38, 'Tommaso', 'Monti', 't.monti@mail.it', '3331234604'), (39, 'Alice', 'Pellegrini', 'a.pellegrini@mail.it', '3331234605'),
(40, 'Vincenzo', 'Palumbo', 'v.palumbo@mail.it', '3331234606'), (41, 'Serena', 'DAmico', 's.damico@mail.it', '3331234607'),
(42, 'Daniele', 'Rossetti', 'd.rossetti@mail.it', '3331234608'), (43, 'Ilaria', 'Silvestri', 'i.silvestri@mail.it', '3331234609'),
(44, 'Michele', 'Parisi', 'm.parisi@mail.it', '3331234610'), (45, 'Marta', 'Villa', 'm.villa@mail.it', '3331234611'),
(46, 'Claudio', 'Conte', 'c.conte2@mail.it', '3331234612'), (47, 'Eleonora', 'Ferraro', 'e.ferraro@mail.it', '3331234613'),
(48, 'Pietro', 'De Luca', 'p.deluca@mail.it', '3331234614'), (49, 'Arianna', 'Gentile', 'a.gentile@mail.it', '3331234615'),
(50, 'Simone', 'Piras', 's.piras@mail.it', '3331234616');

INSERT INTO VEICOLI (Targa, Modello, Tipo, ID_Cliente) VALUES
('AA001AA', 'Fiat Panda', 'Utilitaria', 1), ('BB002BB', 'Ford Puma', 'SUV', 2), 
('CC003CC', 'Audi A3', 'Berlina', 3), ('DD004DD', 'Renault Clio', 'Utilitaria', 4), 
('EE005EE', 'Fiat Ducato', 'Furgone', 5), ('FF006FF', 'BMW Serie 3', 'Station Wagon', 6),
('GG007GG', 'Lancia Ypsilon', 'Utilitaria', 7), ('HH008HH', 'Jeep Renegade', 'SUV', 8), 
('JJ009JJ', 'Alfa Romeo Giulia', 'Berlina', 9), ('KK010KK', 'Toyota Yaris', 'Utilitaria', 10), 
('LL011LL', 'Iveco Daily', 'Camion', 11), ('MM012MM', 'Nissan Qashqai', 'SUV', 12),
('NN013NN', 'Mercedes Classe C', 'Berlina', 13), ('PP014PP', 'VW Polo', 'Utilitaria', 14), 
('QQ015QQ', 'Audi A4 Avant', 'Station Wagon', 15), ('RR016RR', 'Peugeot 3008', 'SUV', 16), 
('SS017SS', 'Tesla Model 3', 'Berlina', 17), ('TT018TT', 'Ford Fiesta', 'Utilitaria', 18),
('VV019VV', 'Ford Transit', 'Furgone', 19), ('WW020WW', 'Hyundai Tucson', 'SUV', 20), 
('XX021XX', 'Volvo S60', 'Berlina', 21), ('YY022YY', 'Opel Corsa', 'Utilitaria', 22), 
('ZZ023ZZ', 'Renault Master', 'Camion', 23), ('AA024BB', 'Kia Sportage', 'SUV', 24),
('CC025DD', 'BMW Serie 5', 'Berlina', 25),
('EE026FF', 'Fiat 500', 'Utilitaria', 26), ('GG026HH', 'Dacia Duster', 'SUV', 26),
('JJ027KK', 'Skoda Octavia', 'Berlina', 27), ('LL027MM', 'Citroen C3', 'Utilitaria', 27),
('NN028PP', 'Peugeot Expert', 'Furgone', 28), ('QQ028RR', 'Volvo V60', 'Station Wagon', 28),
('SS029TT', 'VW Tiguan', 'SUV', 29), ('VV029WW', 'Alfa Romeo 159', 'Berlina', 29),
('XX030YY', 'Mercedes Sprinter', 'Camion', 30), ('ZZ030AA', 'Hyundai i10', 'Utilitaria', 30),
('BB031CC', 'Alfa Stelvio', 'SUV', 31), ('DD031EE', 'Smart Fortwo', 'Utilitaria', 31),
('FF032GG', 'Mazda 3', 'Berlina', 32), ('HH032JJ', 'Ford Focus SW', 'Station Wagon', 32),
('KK033LL', 'Opel Vivaro', 'Furgone', 33), ('MM033NN', 'Jeep Compass', 'SUV', 33),
('PP034QQ', 'Kia Picanto', 'Utilitaria', 34), ('RR034SS', 'Lexus IS', 'Berlina', 34),
('TT035VV', 'Iveco Stralis', 'Camion', 35), ('WW035XX', 'Suzuki Swift', 'Utilitaria', 35),
('YY036ZZ', 'Honda CR-V', 'SUV', 36), ('AA036BB', 'Jaguar XE', 'Berlina', 36),
('CC037DD', 'Mini Cooper', 'Utilitaria', 37), ('EE037FF', 'Peugeot 308 SW', 'Station Wagon', 37),
('GG038HH', 'VW Transporter', 'Furgone', 38), ('JJ038KK', 'Seat Ateca', 'SUV', 38),
('LL039MM', 'Toyota Corolla', 'Berlina', 39), ('NN039PP', 'Nissan Micra', 'Utilitaria', 39),
('QQ040RR', 'Renault Trucks T', 'Camion', 40), ('SS040TT', 'Ford Kuga', 'SUV', 40),
('VV041WW', 'Fiat Panda', 'Utilitaria', 41), ('XX041YY', 'Audi A6', 'Berlina', 41),
('ZZ042AA', 'BMW X5', 'SUV', 42), ('BB042CC', 'VW Passat Variant', 'Station Wagon', 42),
('DD043EE', 'Citroen Jumper', 'Furgone', 43), ('FF043GG', 'Renault Twingo', 'Utilitaria', 43),
('HH044JJ', 'Mercedes Classe E', 'Berlina', 44), ('KK044LL', 'Volvo XC40', 'SUV', 44),
('MM045NN', 'MAN TGX', 'Camion', 45), ('PP045QQ', 'Toyota Aygo', 'Utilitaria', 45),
('RR046SS', 'Porsche Macan', 'SUV', 46), ('TT046VV', 'Maserati Ghibli', 'Berlina', 46),
('WW047XX', 'Fiat 500', 'Utilitaria', 47), ('YY047ZZ', 'Skoda Superb', 'Station Wagon', 47),
('AA048BB', 'Ford Custom', 'Furgone', 48), ('CC048DD', 'Audi Q3', 'SUV', 48),
('EE049FF', 'Alfa Romeo Giulia', 'Berlina', 49), ('GG049HH', 'Lancia Ypsilon', 'Utilitaria', 49),
('JJ050KK', 'Iveco Eurocargo', 'Camion', 50), ('LL050MM', 'Jeep Grand Cherokee', 'SUV', 50);


INSERT INTO TESSERE (Codice, ID_Cliente, Saldo, ScadenzaAbbonamento) VALUES
('TESS-00001', 1, 50.00, NULL), ('TESS-00002', 2, 20.00, NULL), ('TESS-00003', 3, 15.00, NULL),
('TESS-00004', 4, 100.00, NULL), ('TESS-00005', 5, 0.00, NULL), ('TESS-00006', 6, 35.00, NULL),
('TESS-00007', 7, 10.00, NULL), ('TESS-00008', 8, 80.00, NULL), ('TESS-00009', 9, 25.00, NULL),
('TESS-00010', 10, 45.00, NULL), ('TESS-00011', 11, 5.00, NULL), ('TESS-00012', 12, 60.00, NULL),
('TESS-00013', 13, 30.00, NULL), ('TESS-00014', 14, 75.00, NULL), ('TESS-00015', 15, 12.00, NULL),
('TESS-00016', 16, 90.00, NULL), ('TESS-00017', 17, 40.00, NULL), ('TESS-00018', 18, 55.00, NULL),
('TESS-00019', 19, 22.00, NULL), ('TESS-00020', 20, 18.00, NULL), ('TESS-00021', 21, 70.00, NULL),
('TESS-00022', 22, 85.00, NULL), ('TESS-00023', 23, 33.00, NULL), ('TESS-00024', 24, 48.00, NULL),
('TESS-00025', 25, 65.00, NULL),
('TESS-00026', 26, 10.00, NULL), ('TESS-00027', 26, 0.00, '2024-12-31'),
('TESS-00028', 27, 20.00, NULL), ('TESS-00029', 27, 0.00, '2024-11-30'),
('TESS-00030', 28, 5.00, NULL), ('TESS-00031', 28, 0.00, '2024-12-31'),
('TESS-00032', 29, 30.00, NULL), ('TESS-00033', 29, 0.00, '2024-10-31'),
('TESS-00034', 30, 15.00, NULL), ('TESS-00035', 30, 0.00, '2024-12-31'),
('TESS-00036', 31, 25.00, NULL), ('TESS-00037', 31, 0.00, '2024-11-15'),
('TESS-00038', 32, 40.00, NULL), ('TESS-00039', 32, 0.00, '2024-12-31'),
('TESS-00040', 33, 10.00, NULL), ('TESS-00041', 33, 0.00, '2024-10-31'),
('TESS-00042', 34, 50.00, NULL), ('TESS-00043', 34, 0.00, '2025-01-31'),
('TESS-00044', 35, 12.00, NULL), ('TESS-00045', 35, 0.00, '2024-12-31'),
('TESS-00046', 36, 18.00, NULL), ('TESS-00047', 36, 0.00, '2024-11-30'),
('TESS-00048', 37, 22.00, NULL), ('TESS-00049', 37, 0.00, '2024-12-31'),
('TESS-00050', 38, 35.00, NULL), ('TESS-00051', 38, 0.00, '2024-10-31'),
('TESS-00052', 39, 45.00, NULL), ('TESS-00053', 39, 0.00, '2025-02-28'),
('TESS-00054', 40, 8.00, NULL), ('TESS-00055', 40, 0.00, '2024-12-31'),
('TESS-00056', 41, 60.00, NULL), ('TESS-00057', 41, 0.00, '2024-11-30'),
('TESS-00058', 42, 14.00, NULL), ('TESS-00059', 42, 0.00, '2024-12-31'),
('TESS-00060', 43, 28.00, NULL), ('TESS-00061', 43, 0.00, '2024-10-31'),
('TESS-00062', 44, 33.00, NULL), ('TESS-00063', 44, 0.00, '2025-01-31'),
('TESS-00064', 45, 16.00, NULL), ('TESS-00065', 45, 0.00, '2024-12-31'),
('TESS-00066', 46, 24.00, NULL), ('TESS-00067', 46, 0.00, '2024-11-30'),
('TESS-00068', 47, 38.00, NULL), ('TESS-00069', 47, 0.00, '2024-12-31'),
('TESS-00070', 48, 42.00, NULL), ('TESS-00071', 48, 0.00, '2024-10-31'),
('TESS-00072', 49, 11.00, NULL), ('TESS-00073', 49, 0.00, '2025-03-31'),
('TESS-00074', 50, 55.00, NULL), ('TESS-00075', 50, 0.00, '2024-12-31');

INSERT INTO PRENOTAZIONI (ID_Prenotazione, DataOra, ID_Cliente, ID_Impianto, ID_Programma, Targa, Stato) VALUES

(1, '2024-01-10 09:00:00', 1, 4, 1, 'AA001AA', 'COMPLETATA'),
(2, '2024-01-25 09:00:00', 1, 4, 2, 'AA001AA', 'COMPLETATA'),
(3, '2024-02-10 09:00:00', 1, 5, 3, 'AA001AA', 'COMPLETATA'),
(4, '2024-02-28 09:00:00', 1, 4, 1, 'AA001AA', 'COMPLETATA'),
(5, '2024-03-15 09:00:00', 1, 5, 3, 'AA001AA', 'COMPLETATA'),
(6, '2024-03-30 09:00:00', 1, 4, 2, 'AA001AA', 'COMPLETATA'),
(7, '2024-01-12 10:00:00', 2, 1, 1, 'BB002BB', 'COMPLETATA'),
(8, '2024-02-05 14:30:00', 2, 2, 2, 'BB002BB', 'COMPLETATA'),
(9, '2024-03-01 11:00:00', 2, 1, 1, 'BB002BB', 'COMPLETATA'),
(10, '2024-03-20 16:00:00', 2, 2, 4, 'BB002BB', 'COMPLETATA'),
(11, '2024-04-10 10:00:00', 2, 1, 2, 'BB002BB', 'CONFERMATA'),
(12, '2024-01-15 08:30:00', 3, 5, 3, 'CC003CC', 'COMPLETATA'),
(13, '2024-02-20 09:15:00', 3, 4, 1, 'CC003CC', 'COMPLETATA'),
(14, '2024-03-10 15:00:00', 3, 5, 2, 'CC003CC', 'COMPLETATA'),
(15, '2024-03-25 14:00:00', 3, 4, 1, 'CC003CC', 'CANCELLATA'),
(16, '2024-04-05 09:00:00', 3, 5, 3, 'CC003CC', 'CANCELLATA'),
(17, '2024-02-01 11:30:00', 4, 1, 1, 'DD004DD', 'COMPLETATA'),
(18, '2024-03-05 10:30:00', 4, 2, 2, 'DD004DD', 'COMPLETATA'),
(19, '2024-04-12 11:00:00', 4, 1, 1, 'DD004DD', 'CONFERMATA'),
(20, '2024-04-20 15:00:00', 4, 2, 2, 'DD004DD', 'CONFERMATA'),
(21, '2024-01-20 16:30:00', 5, 5, 5, 'EE005EE', 'COMPLETATA'),
(22, '2024-04-15 08:00:00', 5, 4, 5, 'EE005EE', 'CONFERMATA'),
(23, '2024-01-18 10:00:00', 26, 4, 3, 'EE026FF', 'COMPLETATA'),
(24, '2024-02-22 14:00:00', 26, 5, 4, 'GG026HH', 'COMPLETATA'),
(25, '2024-04-18 10:00:00', 26, 4, 3, 'EE026FF', 'CONFERMATA'),
(26, '2024-01-05 10:00:00', 7, 9, 1, 'GG007GG', 'COMPLETATA'),
(27, '2024-01-20 10:00:00', 7, 10, 2, 'GG007GG', 'COMPLETATA'),
(28, '2024-02-15 10:00:00', 7, 9, 1, 'GG007GG', 'COMPLETATA'),
(29, '2024-03-01 10:00:00', 7, 10, 3, 'GG007GG', 'COMPLETATA'),
(30, '2024-03-15 10:00:00', 7, 9, 1, 'GG007GG', 'COMPLETATA'),
(31, '2024-04-01 10:00:00', 7, 10, 2, 'GG007GG', 'COMPLETATA'),
(32, '2024-01-10 11:00:00', 6, 6, 2, 'FF006FF', 'COMPLETATA'),
(33, '2024-02-05 15:30:00', 6, 7, 4, 'FF006FF', 'COMPLETATA'),
(34, '2024-03-05 09:00:00', 6, 8, 2, 'FF006FF', 'COMPLETATA'),
(35, '2024-03-25 14:00:00', 6, 6, 1, 'FF006FF', 'COMPLETATA'),
(36, '2024-04-10 11:00:00', 6, 7, 2, 'FF006FF', 'CANCELLATA'),
(37, '2024-01-15 16:00:00', 8, 9, 3, 'HH008HH', 'COMPLETATA'),
(38, '2024-02-20 10:30:00', 8, 10, 3, 'HH008HH', 'COMPLETATA'),
(39, '2024-03-10 11:15:00', 8, 9, 3, 'HH008HH', 'COMPLETATA'),
(40, '2024-04-15 09:00:00', 8, 10, 3, 'HH008HH', 'CONFERMATA'),
(41, '2024-02-01 14:00:00', 9, 6, 1, 'JJ009JJ', 'COMPLETATA'),
(42, '2024-03-02 10:00:00', 9, 7, 2, 'JJ009JJ', 'COMPLETATA'),
(43, '2024-04-05 15:00:00', 9, 8, 1, 'JJ009JJ', 'CONFERMATA'),
(44, '2024-04-20 16:00:00', 9, 6, 2, 'JJ009JJ', 'CONFERMATA'),
(45, '2024-01-25 09:30:00', 10, 9, 2, 'KK010KK', 'COMPLETATA'),
(46, '2024-03-15 11:30:00', 10, 10, 1, 'KK010KK', 'COMPLETATA'),
(47, '2024-04-12 10:00:00', 10, 9, 2, 'KK010KK', 'CANCELLATA'),
(48, '2024-02-10 16:00:00', 27, 9, 4, 'JJ027KK', 'COMPLETATA'),
(49, '2024-03-20 10:00:00', 27, 10, 3, 'LL027MM', 'COMPLETATA'),
(50, '2024-04-25 09:00:00', 27, 9, 4, 'JJ027KK', 'CONFERMATA'),
(51, '2024-01-08 15:00:00', 13, 14, 2, 'NN013NN', 'COMPLETATA'),
(52, '2024-01-22 15:00:00', 13, 15, 3, 'NN013NN', 'COMPLETATA'),
(53, '2024-02-12 15:00:00', 13, 14, 2, 'NN013NN', 'COMPLETATA'),
(54, '2024-03-04 15:00:00', 13, 15, 3, 'NN013NN', 'COMPLETATA'),
(55, '2024-03-18 15:00:00', 13, 14, 2, 'NN013NN', 'COMPLETATA'),
(56, '2024-04-02 15:00:00', 13, 15, 3, 'NN013NN', 'COMPLETATA'),
(57, '2024-01-11 08:00:00', 11, 11, 5, 'LL011LL', 'COMPLETATA'),
(58, '2024-02-08 09:30:00', 11, 12, 5, 'LL011LL', 'COMPLETATA'),
(59, '2024-03-08 10:00:00', 11, 13, 5, 'LL011LL', 'COMPLETATA'),
(60, '2024-03-28 08:30:00', 11, 11, 5, 'LL011LL', 'COMPLETATA'),
(61, '2024-04-18 09:00:00', 11, 12, 5, 'LL011LL', 'CONFERMATA'),
(62, '2024-01-16 14:00:00', 12, 14, 3, 'MM012MM', 'COMPLETATA'),
(63, '2024-02-21 11:30:00', 12, 15, 3, 'MM012MM', 'COMPLETATA'),
(64, '2024-03-12 16:15:00', 12, 14, 2, 'MM012MM', 'COMPLETATA'),
(65, '2024-04-16 10:00:00', 12, 15, 3, 'MM012MM', 'CANCELLATA'),
(66, '2024-02-02 09:00:00', 14, 11, 1, 'PP014PP', 'COMPLETATA'),
(67, '2024-03-03 10:00:00', 14, 12, 2, 'PP014PP', 'COMPLETATA'),
(68, '2024-04-06 11:00:00', 14, 13, 1, 'PP014PP', 'CONFERMATA'),
(69, '2024-04-22 15:00:00', 14, 11, 2, 'PP014PP', 'CONFERMATA'),
(70, '2024-01-26 10:30:00', 15, 14, 4, 'QQ015QQ', 'COMPLETATA'),
(71, '2024-03-16 09:30:00', 15, 15, 2, 'QQ015QQ', 'COMPLETATA'),
(72, '2024-04-14 10:00:00', 15, 14, 4, 'QQ015QQ', 'CANCELLATA'),
(73, '2024-02-12 14:00:00', 28, 14, 5, 'NN028PP', 'COMPLETATA'),
(74, '2024-03-22 10:00:00', 28, 15, 3, 'QQ028RR', 'COMPLETATA'),
(75, '2024-04-26 09:00:00', 28, 14, 5, 'NN028PP', 'CONFERMATA'),
(76, '2024-01-07 11:00:00', 42, 19, 3, 'ZZ042AA', 'COMPLETATA'),
(77, '2024-01-21 11:00:00', 42, 20, 4, 'BB042CC', 'COMPLETATA'),
(78, '2024-02-14 11:00:00', 42, 19, 3, 'ZZ042AA', 'COMPLETATA'),
(79, '2024-03-07 11:00:00', 42, 20, 4, 'BB042CC', 'COMPLETATA'),
(80, '2024-03-21 11:00:00', 42, 19, 3, 'ZZ042AA', 'COMPLETATA'),
(81, '2024-04-04 11:00:00', 42, 20, 2, 'BB042CC', 'COMPLETATA'),
(82, '2024-01-12 09:00:00', 16, 16, 2, 'RR016RR', 'COMPLETATA'),
(83, '2024-02-09 15:30:00', 16, 17, 4, 'RR016RR', 'COMPLETATA'),
(84, '2024-03-09 10:00:00', 16, 18, 2, 'RR016RR', 'COMPLETATA'),
(85, '2024-03-29 14:00:00', 16, 16, 1, 'RR016RR', 'COMPLETATA'),
(86, '2024-04-19 11:00:00', 16, 17, 2, 'RR016RR', 'CANCELLATA'),
(87, '2024-01-17 16:00:00', 17, 19, 2, 'SS017SS', 'COMPLETATA'),
(88, '2024-02-22 10:30:00', 17, 20, 3, 'SS017SS', 'COMPLETATA'),
(89, '2024-03-13 11:15:00', 17, 19, 2, 'SS017SS', 'COMPLETATA'),
(90, '2024-04-17 09:00:00', 17, 20, 3, 'SS017SS', 'CONFERMATA'),
(91, '2024-02-03 14:00:00', 18, 16, 1, 'TT018TT', 'COMPLETATA'),
(92, '2024-03-04 10:00:00', 18, 17, 2, 'TT018TT', 'COMPLETATA'),
(93, '2024-04-07 15:00:00', 18, 18, 1, 'TT018TT', 'CONFERMATA'),
(94, '2024-04-23 16:00:00', 18, 16, 2, 'TT018TT', 'CONFERMATA'),
(95, '2024-01-27 09:30:00', 19, 19, 5, 'VV019VV', 'COMPLETATA'),
(96, '2024-03-17 11:30:00', 19, 20, 5, 'VV019VV', 'COMPLETATA'),
(97, '2024-04-14 10:00:00', 19, 19, 5, 'VV019VV', 'CANCELLATA'),
(98, '2024-02-11 16:00:00', 20, 19, 3, 'WW020WW', 'COMPLETATA'),
(99, '2024-03-21 10:00:00', 20, 20, 2, 'WW020WW', 'COMPLETATA'),
(100, '2024-04-24 09:00:00', 20, 19, 3, 'WW020WW', 'CONFERMATA'),
(101, '2024-01-09 08:30:00', 50, 24, 5, 'JJ050KK', 'COMPLETATA'),
(102, '2024-01-23 08:30:00', 50, 25, 3, 'LL050MM', 'COMPLETATA'),
(103, '2024-02-13 08:30:00', 50, 24, 5, 'JJ050KK', 'COMPLETATA'),
(104, '2024-03-06 08:30:00', 50, 25, 3, 'LL050MM', 'COMPLETATA'),
(105, '2024-03-20 08:30:00', 50, 24, 5, 'JJ050KK', 'COMPLETATA'),
(106, '2024-04-03 08:30:00', 50, 25, 3, 'LL050MM', 'COMPLETATA'),
(107, '2024-01-14 10:00:00', 21, 21, 2, 'XX021XX', 'COMPLETATA'),
(108, '2024-02-11 14:30:00', 21, 22, 4, 'XX021XX', 'COMPLETATA'),
(109, '2024-03-11 09:00:00', 21, 23, 2, 'XX021XX', 'COMPLETATA'),
(110, '2024-03-31 16:00:00', 21, 21, 1, 'XX021XX', 'COMPLETATA'),
(111, '2024-04-21 10:00:00', 21, 22, 2, 'XX021XX', 'CANCELLATA'),
(112, '2024-01-19 15:00:00', 22, 24, 1, 'YY022YY', 'COMPLETATA'),
(113, '2024-02-24 11:30:00', 22, 25, 2, 'YY022YY', 'COMPLETATA'),
(114, '2024-03-14 14:15:00', 22, 24, 1, 'YY022YY', 'COMPLETATA'),
(115, '2024-04-18 09:00:00', 22, 25, 2, 'YY022YY', 'CONFERMATA'),
(116, '2024-02-05 11:00:00', 23, 21, 5, 'ZZ023ZZ', 'COMPLETATA'),
(117, '2024-03-08 10:00:00', 23, 22, 5, 'ZZ023ZZ', 'COMPLETATA'),
(118, '2024-04-09 15:00:00', 23, 23, 5, 'ZZ023ZZ', 'CONFERMATA'),
(119, '2024-04-25 16:00:00', 23, 21, 5, 'ZZ023ZZ', 'CONFERMATA'),
(120, '2024-01-29 09:30:00', 24, 24, 3, 'AA024BB', 'COMPLETATA'),
(121, '2024-03-19 11:30:00', 24, 25, 2, 'AA024BB', 'COMPLETATA'),
(122, '2024-04-16 10:00:00', 24, 24, 3, 'AA024BB', 'CANCELLATA'),
(123, '2024-02-14 16:00:00', 25, 24, 4, 'CC025DD', 'COMPLETATA'),
(124, '2024-03-24 10:00:00', 25, 25, 3, 'CC025DD', 'COMPLETATA'),
(125, '2024-04-28 09:00:00', 25, 24, 4, 'CC025DD', 'CONFERMATA');

INSERT INTO MANUTENZIONI (ID_Manutenzione, DataIntervento, Descrizione, Costo, ID_Impianto) VALUES
(1, '2024-01-15', 'Sostituzione spazzole tunnel', 850.00, 4),
(2, '2024-02-10', 'Riparazione gettoniera', 150.00, 1),
(3, '2024-02-28', 'Sostituzione lancia alta pressione', 320.00, 16),
(4, '2024-03-01', 'Manutenzione straordinaria rulli', 1200.00, 15),
(5, '2024-03-05', 'Controllo sensori barriere', 200.00, 3);

INSERT INTO CONSUMI_SEDE (DataLettura, Acqua_Mc, Elettricita_Kwh, ID_Sede) VALUES
('2024-03-01', 120.5, 45.2, 1), ('2024-03-02', 135.0, 48.1, 1), ('2024-03-03', 110.2, 42.0, 1), 
('2024-03-04', 140.8, 50.5, 1), ('2024-03-05', 155.3, 52.3, 1),
('2024-03-01', 180.0, 60.1, 2), ('2024-03-02', 175.5, 58.2, 2), ('2024-03-03', 190.2, 62.4, 2), 
('2024-03-04', 165.4, 55.5, 2), ('2024-03-05', 185.0, 61.0, 2),
('2024-03-01', 95.5, 35.0, 3), ('2024-03-02', 105.2, 38.4, 3), ('2024-03-03', 100.0, 36.5, 3), 
('2024-03-04', 115.8, 40.2, 3), ('2024-03-05', 98.4, 35.8, 3),
('2024-03-01', 150.2, 55.0, 4), ('2024-03-02', 145.8, 53.2, 4), ('2024-03-03', 160.5, 57.1, 4), 
('2024-03-04', 155.0, 56.0, 4), ('2024-03-05', 148.9, 54.5, 4),
('2024-03-01', 130.0, 48.5, 5), ('2024-03-02', 125.4, 46.2, 5), ('2024-03-03', 135.8, 50.1, 5), 
('2024-03-04', 140.2, 51.5, 5), ('2024-03-05', 128.5, 47.8, 5);

